{"schemaVersion":"1.0","appDefinitionTemplate":{"id":"/providers/Microsoft.PowerApps/apps/","type":"Microsoft.PowerApps/apps","tags":{"primaryDeviceWidth":"1366","primaryDeviceHeight":"768","sienaVersion":"20220324T124629Z-3.22022.31.0","deviceCapabilities":"","supportsPortrait":"true","supportsLandscape":"true","primaryFormFactor":"Tablet","publisherVersion":"3.22022.31","minimumRequiredApiVersion":"2.2.0","hasComponent":"true","hasUnlockedComponent":"true","isUnifiedRootApp":"false"},"properties":{"appVersion":"2022-03-24T12:46:29Z","lifeCycleId":"Published","createdByClientVersion":{"major":3,"minor":22022,"build":31,"revision":0,"majorRevision":0,"minorRevision":0},"minClientVersion":{"major":3,"minor":22022,"build":31,"revision":0,"majorRevision":0,"minorRevision":0},"backgroundColor":"rgba(0, 176, 240, 1)","backgroundImageUri":"/15317935821759996924/N7dea9c85-735a-4096-963c-bae69c0d2fba-logoSmallFile","displayName":"Document1","description":"","commitMessage":"","appUris":{"documentUri":{"value":"/15317935821759996924/N4f100048-2055-45c3-aa38-65f8b5ea2202-document.msapp"},"imageUris":[]},"createdTime":"0001-01-01T00:00:00Z","lastModifiedTime":"0001-01-01T00:00:00Z","sharedGroupsCount":0,"sharedUsersCount":0,"icons":{"smallIconUri":"/15317935821759996924/Ne748140f-3ac8-4a17-887b-8989ee108beb-small.png","mediumIconUri":"/15317935821759996924/N31ed6c18-b5f1-4930-9c79-3467d7f4a114-medium.png","largeIconUri":"/15317935821759996924/N4a5f729d-f7ec-4f39-87ee-bec3ce073220-large.png","wideIconUri":"/15317935821759996924/Neb9622a0-ff24-4a27-8b96-da291e6fd862-wide.png"},"connectionReferences":{"4a32a714-6e90-4289-93bf-c816087810f9":{"id":"3c48fd87-c16b-49f2-a05b-dc41f036e691","displayName":"SharePoint","iconUri":"https://connectoricons-prod.azureedge.net/releases/v1.0.1559/1.0.1559.2723/sharepointonline/icon.png","dataSources":["Document List"],"dependencies":[],"dependents":[],"parameterHints":{},"parameterHintsV2":{},"isOnPremiseConnection":false,"bypassConsent":false,"dataSets":{"https://xfth7.sharepoint.com/sites/DocumentApproval":{"dataSources":{"Document List":{"tableName":"6cd75e88-253c-497d-bdc7-ee6ef0058c8e"}}}},"apiTier":"Standard","isCustomApiConnection":false,"actions":["providers/PowerPlatform.Governance/Operations/Read","providers/PowerPlatform.Governance/Operations/Write"]},"73a97d32-eb30-4b02-b816-0392d78a2c58":{"id":"dda9de48-93f7-4b1d-8c21-ef2907855042","displayName":"Office 365 Users","iconUri":"https://connectoricons-prod.azureedge.net/releases/v1.0.1559/1.0.1559.2723/office365users/icon.png","dataSources":["Office365Users"],"dependencies":[],"dependents":[],"parameterHints":{},"parameterHintsV2":{},"isOnPremiseConnection":false,"bypassConsent":false,"dataSets":{},"apiTier":"Standard","isCustomApiConnection":false,"actions":["SearchUser"]}},"databaseReferences":{},"almMode":"Environment","performanceOptimizationEnabled":true,"canConsumeAppPass":true,"executionRestrictions":{"isTeamsOnly":false,"dataLossPreventionEvaluationResult":{"status":"Compliant","lastEvaluationDate":"2022-03-24T09:47:20.8016707Z","violations":[],"violationsByPolicy":[],"violationErrorMessage":"The app uses the following connectors: shared_sharepointonline."}}},"appType":"ClassicCanvasApp","appComponents":[]}}